board_no,board_label,tag_family,tag_id,tag_position,center_x_mm,center_y_mm,board_size_mm,black_marker_size_mm,module_size_mm,quiet_zone_mm
21,R21,AprilTag 36h11,280,CENTER,150.0,150.0,300.0,128.0,16.000,10.0
21,R21,AprilTag 36h11,281,TL,44.0,256.0,300.0,44.0,5.500,8.0
21,R21,AprilTag 36h11,282,T,150.0,256.0,300.0,44.0,5.500,8.0
21,R21,AprilTag 36h11,283,TR,256.0,256.0,300.0,44.0,5.500,8.0
21,R21,AprilTag 36h11,284,L,44.0,150.0,300.0,44.0,5.500,8.0
21,R21,AprilTag 36h11,285,R,256.0,150.0,300.0,44.0,5.500,8.0
21,R21,AprilTag 36h11,286,BL,44.0,44.0,300.0,44.0,5.500,8.0
21,R21,AprilTag 36h11,287,B,150.0,44.0,300.0,44.0,5.500,8.0
21,R21,AprilTag 36h11,288,BR,256.0,44.0,300.0,44.0,5.500,8.0
22,R22,AprilTag 36h11,289,CENTER,150.0,150.0,300.0,128.0,16.000,10.0
22,R22,AprilTag 36h11,290,TL,44.0,256.0,300.0,44.0,5.500,8.0
22,R22,AprilTag 36h11,291,T,150.0,256.0,300.0,44.0,5.500,8.0
22,R22,AprilTag 36h11,292,TR,256.0,256.0,300.0,44.0,5.500,8.0
22,R22,AprilTag 36h11,293,L,44.0,150.0,300.0,44.0,5.500,8.0
22,R22,AprilTag 36h11,294,R,256.0,150.0,300.0,44.0,5.500,8.0
22,R22,AprilTag 36h11,295,BL,44.0,44.0,300.0,44.0,5.500,8.0
22,R22,AprilTag 36h11,296,B,150.0,44.0,300.0,44.0,5.500,8.0
22,R22,AprilTag 36h11,297,BR,256.0,44.0,300.0,44.0,5.500,8.0
23,R23,AprilTag 36h11,298,CENTER,150.0,150.0,300.0,128.0,16.000,10.0
23,R23,AprilTag 36h11,299,TL,44.0,256.0,300.0,44.0,5.500,8.0
23,R23,AprilTag 36h11,300,T,150.0,256.0,300.0,44.0,5.500,8.0
23,R23,AprilTag 36h11,301,TR,256.0,256.0,300.0,44.0,5.500,8.0
23,R23,AprilTag 36h11,302,L,44.0,150.0,300.0,44.0,5.500,8.0
23,R23,AprilTag 36h11,303,R,256.0,150.0,300.0,44.0,5.500,8.0
23,R23,AprilTag 36h11,304,BL,44.0,44.0,300.0,44.0,5.500,8.0
23,R23,AprilTag 36h11,305,B,150.0,44.0,300.0,44.0,5.500,8.0
23,R23,AprilTag 36h11,306,BR,256.0,44.0,300.0,44.0,5.500,8.0
24,R24,AprilTag 36h11,307,CENTER,150.0,150.0,300.0,128.0,16.000,10.0
24,R24,AprilTag 36h11,308,TL,44.0,256.0,300.0,44.0,5.500,8.0
24,R24,AprilTag 36h11,309,T,150.0,256.0,300.0,44.0,5.500,8.0
24,R24,AprilTag 36h11,310,TR,256.0,256.0,300.0,44.0,5.500,8.0
24,R24,AprilTag 36h11,311,L,44.0,150.0,300.0,44.0,5.500,8.0
24,R24,AprilTag 36h11,312,R,256.0,150.0,300.0,44.0,5.500,8.0
24,R24,AprilTag 36h11,313,BL,44.0,44.0,300.0,44.0,5.500,8.0
24,R24,AprilTag 36h11,314,B,150.0,44.0,300.0,44.0,5.500,8.0
24,R24,AprilTag 36h11,315,BR,256.0,44.0,300.0,44.0,5.500,8.0
25,R25,AprilTag 36h11,316,CENTER,150.0,150.0,300.0,128.0,16.000,10.0
25,R25,AprilTag 36h11,317,TL,44.0,256.0,300.0,44.0,5.500,8.0
25,R25,AprilTag 36h11,318,T,150.0,256.0,300.0,44.0,5.500,8.0
25,R25,AprilTag 36h11,319,TR,256.0,256.0,300.0,44.0,5.500,8.0
25,R25,AprilTag 36h11,320,L,44.0,150.0,300.0,44.0,5.500,8.0
25,R25,AprilTag 36h11,321,R,256.0,150.0,300.0,44.0,5.500,8.0
25,R25,AprilTag 36h11,322,BL,44.0,44.0,300.0,44.0,5.500,8.0
25,R25,AprilTag 36h11,323,B,150.0,44.0,300.0,44.0,5.500,8.0
25,R25,AprilTag 36h11,324,BR,256.0,44.0,300.0,44.0,5.500,8.0
26,R26,AprilTag 36h11,325,CENTER,150.0,150.0,300.0,128.0,16.000,10.0
26,R26,AprilTag 36h11,326,TL,44.0,256.0,300.0,44.0,5.500,8.0
26,R26,AprilTag 36h11,327,T,150.0,256.0,300.0,44.0,5.500,8.0
26,R26,AprilTag 36h11,328,TR,256.0,256.0,300.0,44.0,5.500,8.0
26,R26,AprilTag 36h11,329,L,44.0,150.0,300.0,44.0,5.500,8.0
26,R26,AprilTag 36h11,330,R,256.0,150.0,300.0,44.0,5.500,8.0
26,R26,AprilTag 36h11,331,BL,44.0,44.0,300.0,44.0,5.500,8.0
26,R26,AprilTag 36h11,332,B,150.0,44.0,300.0,44.0,5.500,8.0
26,R26,AprilTag 36h11,333,BR,256.0,44.0,300.0,44.0,5.500,8.0
27,R27,AprilTag 36h11,334,CENTER,150.0,150.0,300.0,128.0,16.000,10.0
27,R27,AprilTag 36h11,335,TL,44.0,256.0,300.0,44.0,5.500,8.0
27,R27,AprilTag 36h11,336,T,150.0,256.0,300.0,44.0,5.500,8.0
27,R27,AprilTag 36h11,337,TR,256.0,256.0,300.0,44.0,5.500,8.0
27,R27,AprilTag 36h11,338,L,44.0,150.0,300.0,44.0,5.500,8.0
27,R27,AprilTag 36h11,339,R,256.0,150.0,300.0,44.0,5.500,8.0
27,R27,AprilTag 36h11,340,BL,44.0,44.0,300.0,44.0,5.500,8.0
27,R27,AprilTag 36h11,341,B,150.0,44.0,300.0,44.0,5.500,8.0
27,R27,AprilTag 36h11,342,BR,256.0,44.0,300.0,44.0,5.500,8.0
28,R28,AprilTag 36h11,343,CENTER,150.0,150.0,300.0,128.0,16.000,10.0
28,R28,AprilTag 36h11,344,TL,44.0,256.0,300.0,44.0,5.500,8.0
28,R28,AprilTag 36h11,345,T,150.0,256.0,300.0,44.0,5.500,8.0
28,R28,AprilTag 36h11,346,TR,256.0,256.0,300.0,44.0,5.500,8.0
28,R28,AprilTag 36h11,347,L,44.0,150.0,300.0,44.0,5.500,8.0
28,R28,AprilTag 36h11,348,R,256.0,150.0,300.0,44.0,5.500,8.0
28,R28,AprilTag 36h11,349,BL,44.0,44.0,300.0,44.0,5.500,8.0
28,R28,AprilTag 36h11,350,B,150.0,44.0,300.0,44.0,5.500,8.0
28,R28,AprilTag 36h11,351,BR,256.0,44.0,300.0,44.0,5.500,8.0
29,R29,AprilTag 36h11,352,CENTER,150.0,150.0,300.0,128.0,16.000,10.0
29,R29,AprilTag 36h11,353,TL,44.0,256.0,300.0,44.0,5.500,8.0
29,R29,AprilTag 36h11,354,T,150.0,256.0,300.0,44.0,5.500,8.0
29,R29,AprilTag 36h11,355,TR,256.0,256.0,300.0,44.0,5.500,8.0
29,R29,AprilTag 36h11,356,L,44.0,150.0,300.0,44.0,5.500,8.0
29,R29,AprilTag 36h11,357,R,256.0,150.0,300.0,44.0,5.500,8.0
29,R29,AprilTag 36h11,358,BL,44.0,44.0,300.0,44.0,5.500,8.0
29,R29,AprilTag 36h11,359,B,150.0,44.0,300.0,44.0,5.500,8.0
29,R29,AprilTag 36h11,360,BR,256.0,44.0,300.0,44.0,5.500,8.0
30,R30,AprilTag 36h11,361,CENTER,150.0,150.0,300.0,128.0,16.000,10.0
30,R30,AprilTag 36h11,362,TL,44.0,256.0,300.0,44.0,5.500,8.0
30,R30,AprilTag 36h11,363,T,150.0,256.0,300.0,44.0,5.500,8.0
30,R30,AprilTag 36h11,364,TR,256.0,256.0,300.0,44.0,5.500,8.0
30,R30,AprilTag 36h11,365,L,44.0,150.0,300.0,44.0,5.500,8.0
30,R30,AprilTag 36h11,366,R,256.0,150.0,300.0,44.0,5.500,8.0
30,R30,AprilTag 36h11,367,BL,44.0,44.0,300.0,44.0,5.500,8.0
30,R30,AprilTag 36h11,368,B,150.0,44.0,300.0,44.0,5.500,8.0
30,R30,AprilTag 36h11,369,BR,256.0,44.0,300.0,44.0,5.500,8.0
31,R31,AprilTag 36h11,370,CENTER,150.0,150.0,300.0,128.0,16.000,10.0
31,R31,AprilTag 36h11,371,TL,44.0,256.0,300.0,44.0,5.500,8.0
31,R31,AprilTag 36h11,372,T,150.0,256.0,300.0,44.0,5.500,8.0
31,R31,AprilTag 36h11,373,TR,256.0,256.0,300.0,44.0,5.500,8.0
31,R31,AprilTag 36h11,374,L,44.0,150.0,300.0,44.0,5.500,8.0
31,R31,AprilTag 36h11,375,R,256.0,150.0,300.0,44.0,5.500,8.0
31,R31,AprilTag 36h11,376,BL,44.0,44.0,300.0,44.0,5.500,8.0
31,R31,AprilTag 36h11,377,B,150.0,44.0,300.0,44.0,5.500,8.0
31,R31,AprilTag 36h11,378,BR,256.0,44.0,300.0,44.0,5.500,8.0
32,R32,AprilTag 36h11,379,CENTER,150.0,150.0,300.0,128.0,16.000,10.0
32,R32,AprilTag 36h11,380,TL,44.0,256.0,300.0,44.0,5.500,8.0
32,R32,AprilTag 36h11,381,T,150.0,256.0,300.0,44.0,5.500,8.0
32,R32,AprilTag 36h11,382,TR,256.0,256.0,300.0,44.0,5.500,8.0
32,R32,AprilTag 36h11,383,L,44.0,150.0,300.0,44.0,5.500,8.0
32,R32,AprilTag 36h11,384,R,256.0,150.0,300.0,44.0,5.500,8.0
32,R32,AprilTag 36h11,385,BL,44.0,44.0,300.0,44.0,5.500,8.0
32,R32,AprilTag 36h11,386,B,150.0,44.0,300.0,44.0,5.500,8.0
32,R32,AprilTag 36h11,387,BR,256.0,44.0,300.0,44.0,5.500,8.0
33,R33,AprilTag 36h11,388,CENTER,150.0,150.0,300.0,128.0,16.000,10.0
33,R33,AprilTag 36h11,389,TL,44.0,256.0,300.0,44.0,5.500,8.0
33,R33,AprilTag 36h11,390,T,150.0,256.0,300.0,44.0,5.500,8.0
33,R33,AprilTag 36h11,391,TR,256.0,256.0,300.0,44.0,5.500,8.0
33,R33,AprilTag 36h11,392,L,44.0,150.0,300.0,44.0,5.500,8.0
33,R33,AprilTag 36h11,393,R,256.0,150.0,300.0,44.0,5.500,8.0
33,R33,AprilTag 36h11,394,BL,44.0,44.0,300.0,44.0,5.500,8.0
33,R33,AprilTag 36h11,395,B,150.0,44.0,300.0,44.0,5.500,8.0
33,R33,AprilTag 36h11,396,BR,256.0,44.0,300.0,44.0,5.500,8.0
34,R34,AprilTag 36h11,397,CENTER,150.0,150.0,300.0,128.0,16.000,10.0
34,R34,AprilTag 36h11,398,TL,44.0,256.0,300.0,44.0,5.500,8.0
34,R34,AprilTag 36h11,399,T,150.0,256.0,300.0,44.0,5.500,8.0
34,R34,AprilTag 36h11,400,TR,256.0,256.0,300.0,44.0,5.500,8.0
34,R34,AprilTag 36h11,401,L,44.0,150.0,300.0,44.0,5.500,8.0
34,R34,AprilTag 36h11,402,R,256.0,150.0,300.0,44.0,5.500,8.0
34,R34,AprilTag 36h11,403,BL,44.0,44.0,300.0,44.0,5.500,8.0
34,R34,AprilTag 36h11,404,B,150.0,44.0,300.0,44.0,5.500,8.0
34,R34,AprilTag 36h11,405,BR,256.0,44.0,300.0,44.0,5.500,8.0
35,R35,AprilTag 36h11,406,CENTER,150.0,150.0,300.0,128.0,16.000,10.0
35,R35,AprilTag 36h11,407,TL,44.0,256.0,300.0,44.0,5.500,8.0
35,R35,AprilTag 36h11,408,T,150.0,256.0,300.0,44.0,5.500,8.0
35,R35,AprilTag 36h11,409,TR,256.0,256.0,300.0,44.0,5.500,8.0
35,R35,AprilTag 36h11,410,L,44.0,150.0,300.0,44.0,5.500,8.0
35,R35,AprilTag 36h11,411,R,256.0,150.0,300.0,44.0,5.500,8.0
35,R35,AprilTag 36h11,412,BL,44.0,44.0,300.0,44.0,5.500,8.0
35,R35,AprilTag 36h11,413,B,150.0,44.0,300.0,44.0,5.500,8.0
35,R35,AprilTag 36h11,414,BR,256.0,44.0,300.0,44.0,5.500,8.0
36,R36,AprilTag 36h11,415,CENTER,150.0,150.0,300.0,128.0,16.000,10.0
36,R36,AprilTag 36h11,416,TL,44.0,256.0,300.0,44.0,5.500,8.0
36,R36,AprilTag 36h11,417,T,150.0,256.0,300.0,44.0,5.500,8.0
36,R36,AprilTag 36h11,418,TR,256.0,256.0,300.0,44.0,5.500,8.0
36,R36,AprilTag 36h11,419,L,44.0,150.0,300.0,44.0,5.500,8.0
36,R36,AprilTag 36h11,420,R,256.0,150.0,300.0,44.0,5.500,8.0
36,R36,AprilTag 36h11,421,BL,44.0,44.0,300.0,44.0,5.500,8.0
36,R36,AprilTag 36h11,422,B,150.0,44.0,300.0,44.0,5.500,8.0
36,R36,AprilTag 36h11,423,BR,256.0,44.0,300.0,44.0,5.500,8.0
37,R37,AprilTag 36h11,424,CENTER,150.0,150.0,300.0,128.0,16.000,10.0
37,R37,AprilTag 36h11,425,TL,44.0,256.0,300.0,44.0,5.500,8.0
37,R37,AprilTag 36h11,426,T,150.0,256.0,300.0,44.0,5.500,8.0
37,R37,AprilTag 36h11,427,TR,256.0,256.0,300.0,44.0,5.500,8.0
37,R37,AprilTag 36h11,428,L,44.0,150.0,300.0,44.0,5.500,8.0
37,R37,AprilTag 36h11,429,R,256.0,150.0,300.0,44.0,5.500,8.0
37,R37,AprilTag 36h11,430,BL,44.0,44.0,300.0,44.0,5.500,8.0
37,R37,AprilTag 36h11,431,B,150.0,44.0,300.0,44.0,5.500,8.0
37,R37,AprilTag 36h11,432,BR,256.0,44.0,300.0,44.0,5.500,8.0
38,R38,AprilTag 36h11,433,CENTER,150.0,150.0,300.0,128.0,16.000,10.0
38,R38,AprilTag 36h11,434,TL,44.0,256.0,300.0,44.0,5.500,8.0
38,R38,AprilTag 36h11,435,T,150.0,256.0,300.0,44.0,5.500,8.0
38,R38,AprilTag 36h11,436,TR,256.0,256.0,300.0,44.0,5.500,8.0
38,R38,AprilTag 36h11,437,L,44.0,150.0,300.0,44.0,5.500,8.0
38,R38,AprilTag 36h11,438,R,256.0,150.0,300.0,44.0,5.500,8.0
38,R38,AprilTag 36h11,439,BL,44.0,44.0,300.0,44.0,5.500,8.0
38,R38,AprilTag 36h11,440,B,150.0,44.0,300.0,44.0,5.500,8.0
38,R38,AprilTag 36h11,441,BR,256.0,44.0,300.0,44.0,5.500,8.0
39,R39,AprilTag 36h11,442,CENTER,150.0,150.0,300.0,128.0,16.000,10.0
39,R39,AprilTag 36h11,443,TL,44.0,256.0,300.0,44.0,5.500,8.0
39,R39,AprilTag 36h11,444,T,150.0,256.0,300.0,44.0,5.500,8.0
39,R39,AprilTag 36h11,445,TR,256.0,256.0,300.0,44.0,5.500,8.0
39,R39,AprilTag 36h11,446,L,44.0,150.0,300.0,44.0,5.500,8.0
39,R39,AprilTag 36h11,447,R,256.0,150.0,300.0,44.0,5.500,8.0
39,R39,AprilTag 36h11,448,BL,44.0,44.0,300.0,44.0,5.500,8.0
39,R39,AprilTag 36h11,449,B,150.0,44.0,300.0,44.0,5.500,8.0
39,R39,AprilTag 36h11,450,BR,256.0,44.0,300.0,44.0,5.500,8.0
40,R40,AprilTag 36h11,451,CENTER,150.0,150.0,300.0,128.0,16.000,10.0
40,R40,AprilTag 36h11,452,TL,44.0,256.0,300.0,44.0,5.500,8.0
40,R40,AprilTag 36h11,453,T,150.0,256.0,300.0,44.0,5.500,8.0
40,R40,AprilTag 36h11,454,TR,256.0,256.0,300.0,44.0,5.500,8.0
40,R40,AprilTag 36h11,455,L,44.0,150.0,300.0,44.0,5.500,8.0
40,R40,AprilTag 36h11,456,R,256.0,150.0,300.0,44.0,5.500,8.0
40,R40,AprilTag 36h11,457,BL,44.0,44.0,300.0,44.0,5.500,8.0
40,R40,AprilTag 36h11,458,B,150.0,44.0,300.0,44.0,5.500,8.0
40,R40,AprilTag 36h11,459,BR,256.0,44.0,300.0,44.0,5.500,8.0
