board_no,center_tag_id,tag_id_range,reservoir_zone,position_x_m,position_y_m,position_z_m,yaw_deg,pitch_deg,roll_deg,installed_date,photo_reference,notes
R01,100,100-108,,,,,,,,,,
R02,109,109-117,,,,,,,,,,
R03,118,118-126,,,,,,,,,,
R04,127,127-135,,,,,,,,,,
R05,136,136-144,,,,,,,,,,
R06,145,145-153,,,,,,,,,,
R07,154,154-162,,,,,,,,,,
R08,163,163-171,,,,,,,,,,
R09,172,172-180,,,,,,,,,,
R10,181,181-189,,,,,,,,,,
R11,190,190-198,,,,,,,,,,
R12,199,199-207,,,,,,,,,,
R13,208,208-216,,,,,,,,,,
R14,217,217-225,,,,,,,,,,
R15,226,226-234,,,,,,,,,,
R16,235,235-243,,,,,,,,,,
R17,244,244-252,,,,,,,,,,
R18,253,253-261,,,,,,,,,,
R19,262,262-270,,,,,,,,,,
R20,271,271-279,,,,,,,,,,
